-- phpMyAdmin SQL Dump
-- version 4.7.4
-- https://www.phpmyadmin.net/
--
-- Host: 127.0.0.1
-- Generation Time: 25-Jan-2018 às 02:02
-- Versão do servidor: 10.1.29-MariaDB
-- PHP Version: 7.1.12

SET SQL_MODE = "NO_AUTO_VALUE_ON_ZERO";
SET AUTOCOMMIT = 0;
START TRANSACTION;
SET time_zone = "+00:00";


/*!40101 SET @OLD_CHARACTER_SET_CLIENT=@@CHARACTER_SET_CLIENT */;
/*!40101 SET @OLD_CHARACTER_SET_RESULTS=@@CHARACTER_SET_RESULTS */;
/*!40101 SET @OLD_COLLATION_CONNECTION=@@COLLATION_CONNECTION */;
/*!40101 SET NAMES utf8mb4 */;

--
-- Database: `essentiapharma_teste`
--

-- --------------------------------------------------------

--
-- Estrutura da tabela `album`
--

CREATE TABLE `album` (
  `id` int(11) NOT NULL,
  `descricao` varchar(100) COLLATE utf8_bin DEFAULT NULL
) ENGINE=InnoDB DEFAULT CHARSET=utf8 COLLATE=utf8_bin;

--
-- Extraindo dados da tabela `album`
--

INSERT INTO `album` (`id`, `descricao`) VALUES
(5, 'Fotos de JOCELI MIGUEL MENDES'),
(6, 'Fotos de JOCELI MIGUEL MENDES'),
(7, 'Fotos de JOCELI MIGUEL MENDES'),
(8, 'Fotos de Jusceli'),
(9, 'Fotos de Jusceli'),
(10, 'Fotos de jusc'),
(11, 'Fotos de asadasd'),
(12, 'Fotos de '),
(13, 'Fotos de '),
(14, 'Fotos de '),
(15, 'Fotos de '),
(16, 'Fotos de '),
(17, 'Fotos de '),
(18, 'Fotos de '),
(19, 'Fotos de ');

-- --------------------------------------------------------

--
-- Estrutura da tabela `cliente`
--

CREATE TABLE `cliente` (
  `id` int(11) NOT NULL,
  `album_id` int(11) NOT NULL,
  `nome` varchar(100) COLLATE utf8_bin NOT NULL,
  `ativo` tinyint(1) NOT NULL DEFAULT '1'
) ENGINE=InnoDB DEFAULT CHARSET=utf8 COLLATE=utf8_bin;

--
-- Extraindo dados da tabela `cliente`
--

INSERT INTO `cliente` (`id`, `album_id`, `nome`, `ativo`) VALUES
(38, 6, 'Agnaldo Rayol', 1),
(39, 11, 'Felipe Dylon', 1);

-- --------------------------------------------------------

--
-- Estrutura da tabela `contato`
--

CREATE TABLE `contato` (
  `id` int(11) NOT NULL,
  `cliente_id` int(11) NOT NULL,
  `tipocontato_id` int(11) NOT NULL,
  `descricao` varchar(100) COLLATE utf8_bin NOT NULL
) ENGINE=InnoDB DEFAULT CHARSET=utf8 COLLATE=utf8_bin;

--
-- Extraindo dados da tabela `contato`
--

INSERT INTO `contato` (`id`, `cliente_id`, `tipocontato_id`, `descricao`) VALUES
(1, 1, 1, 'miguel@miguel.com'),
(2, 1, 2, '(48)998364752'),
(3, 2, 1, 'teste@teste.com'),
(4, 2, 2, '(48)901989322'),
(33, 37, 1, 'miguell.mendess@gmail.com'),
(34, 37, 2, '(48) 9836-4752'),
(35, 38, 1, 'miguell.mendess@gmail.com'),
(36, 38, 2, '(48) 9836-4752'),
(37, 39, 1, '123123@osso.com'),
(38, 39, 2, '(48) 9836-4752');

-- --------------------------------------------------------

--
-- Estrutura da tabela `foto`
--

CREATE TABLE `foto` (
  `id` int(11) NOT NULL,
  `album_id` int(11) NOT NULL,
  `tipofoto_id` int(11) NOT NULL,
  `endereco` varchar(100) COLLATE utf8_bin NOT NULL
) ENGINE=InnoDB DEFAULT CHARSET=utf8 COLLATE=utf8_bin;

--
-- Extraindo dados da tabela `foto`
--

INSERT INTO `foto` (`id`, `album_id`, `tipofoto_id`, `endereco`) VALUES
(1, 2, 1, 'img/clientes/album_2'),
(2, 2, 1, 'img/clientes/album_2'),
(4, 5, 1, 'img/clientes/album_5_1_perfil.jpg'),
(5, 6, 1, 'img/clientes/album_6_1_perfil.jpg'),
(6, 11, 1, 'img/clientes/album_11_1_perfil.jpg');

-- --------------------------------------------------------

--
-- Estrutura da tabela `tipocontato`
--

CREATE TABLE `tipocontato` (
  `id` int(11) NOT NULL,
  `tipocontato` varchar(100) COLLATE utf8_bin NOT NULL
) ENGINE=InnoDB DEFAULT CHARSET=utf8 COLLATE=utf8_bin;

--
-- Extraindo dados da tabela `tipocontato`
--

INSERT INTO `tipocontato` (`id`, `tipocontato`) VALUES
(1, 'email'),
(2, 'telefone');

-- --------------------------------------------------------

--
-- Estrutura da tabela `tipofoto`
--

CREATE TABLE `tipofoto` (
  `id` int(11) NOT NULL,
  `descricao` varchar(100) COLLATE utf8_bin NOT NULL
) ENGINE=InnoDB DEFAULT CHARSET=utf8 COLLATE=utf8_bin;

--
-- Extraindo dados da tabela `tipofoto`
--

INSERT INTO `tipofoto` (`id`, `descricao`) VALUES
(1, 'perfil');

--
-- Indexes for dumped tables
--

--
-- Indexes for table `album`
--
ALTER TABLE `album`
  ADD PRIMARY KEY (`id`);

--
-- Indexes for table `cliente`
--
ALTER TABLE `cliente`
  ADD PRIMARY KEY (`id`);

--
-- Indexes for table `contato`
--
ALTER TABLE `contato`
  ADD PRIMARY KEY (`id`);

--
-- Indexes for table `foto`
--
ALTER TABLE `foto`
  ADD PRIMARY KEY (`id`);

--
-- Indexes for table `tipocontato`
--
ALTER TABLE `tipocontato`
  ADD PRIMARY KEY (`id`);

--
-- Indexes for table `tipofoto`
--
ALTER TABLE `tipofoto`
  ADD PRIMARY KEY (`id`);

--
-- AUTO_INCREMENT for dumped tables
--

--
-- AUTO_INCREMENT for table `album`
--
ALTER TABLE `album`
  MODIFY `id` int(11) NOT NULL AUTO_INCREMENT, AUTO_INCREMENT=20;

--
-- AUTO_INCREMENT for table `cliente`
--
ALTER TABLE `cliente`
  MODIFY `id` int(11) NOT NULL AUTO_INCREMENT, AUTO_INCREMENT=40;

--
-- AUTO_INCREMENT for table `contato`
--
ALTER TABLE `contato`
  MODIFY `id` int(11) NOT NULL AUTO_INCREMENT, AUTO_INCREMENT=39;

--
-- AUTO_INCREMENT for table `foto`
--
ALTER TABLE `foto`
  MODIFY `id` int(11) NOT NULL AUTO_INCREMENT, AUTO_INCREMENT=7;

--
-- AUTO_INCREMENT for table `tipocontato`
--
ALTER TABLE `tipocontato`
  MODIFY `id` int(11) NOT NULL AUTO_INCREMENT, AUTO_INCREMENT=3;

--
-- AUTO_INCREMENT for table `tipofoto`
--
ALTER TABLE `tipofoto`
  MODIFY `id` int(11) NOT NULL AUTO_INCREMENT, AUTO_INCREMENT=2;
COMMIT;

/*!40101 SET CHARACTER_SET_CLIENT=@OLD_CHARACTER_SET_CLIENT */;
/*!40101 SET CHARACTER_SET_RESULTS=@OLD_CHARACTER_SET_RESULTS */;
/*!40101 SET COLLATION_CONNECTION=@OLD_COLLATION_CONNECTION */;
